-- Insérer des données dans la table 'filiere'
INSERT INTO filiere (year, field, abreviation) VALUES
(1, 'Informatique', 'BUTINFO1'),
(1, 'GEA', 'BUTGEA1'),
(1, 'QLIO', 'BUTQLIO1'),
(1, 'Infocom', 'BUTINFOC1'),
(1, 'Carrieres Juridique', 'BUTCAR1'),
(2, 'Informatique', 'BUTINFO2'),
(2, 'GEA', 'BUTGEA2'),
(2, 'QLIO', 'BUTQLIO2'),
(2, 'Infocom', 'BUTINFOC2'),
(2, 'Carrieres Juridique', 'BUTCAR2'),
(3, 'Informatique', 'BUTINFO3'),
(3, 'GEA', 'BUTGEA3'),
(3, 'QLIO', 'BUTQLIO3'),
(3, 'Infocom', 'BUTINFOC3'),
(3, 'Carrieres Juridique', 'BUTCAR3');

-- Insérer des données dans la table 'role'
INSERT INTO role (designation) VALUES
('Administrateur'),
('Gestionnaire'),
('Étudiant');

-- Insérer des données dans la table 'Utilisateur'
INSERT INTO Utilisateur (Username, nom, prenom, password, id_role, id_filiere) VALUES
('BEPaul', 'BE', 'Paul', 'motdepasse1', 3, 1),
('BODominique', 'BO', 'Dominique', 'motdepasse2', 3, 1),
('BOEnzo', 'BO', 'Enzo', 'motdepasse3', 3, 1),
('BRSimon', 'BR', 'Simon', 'motdepasse4', 3, 1),
('CHQuentin', 'CH', 'Quentin', 'motdepasse5', 3, 1),
('COCélia', 'CO', 'Célia', 'motdepasse6', 3, 1),
('COThibault', 'CO', 'Thibault', 'motdepasse7', 3, 1),
('ENMathis', 'EN', 'Mathis', 'motdepasse8', 3, 1),
('GEFlorian', 'GE', 'Florian', 'motdepasse9', 3, 1),
('IDAyoub', 'ID', 'Ayoub', 'motdepasse10', 3, 1),
('MAMatheo', 'MA', 'Matheo', 'motdepasse11', 3, 1),
('MACoraline', 'MA', 'Coraline', 'motdepasse12', 3, 1),
('MULaura', 'MU', 'Laura', 'motdepasse13', 3, 1),
('PEBaptiste', 'PE', 'Baptiste', 'motdepasse14', 3, 1),
('PRJoris', 'PR', 'Joris', 'motdepasse15', 3, 1),
('RAClément', 'RA', 'Clément', 'motdepasse16', 3, 1),
('WOOCEANE', 'WO', 'OCEANE', 'motdepasse17', 3, NULL),
('COCélia', 'CO', 'Célia', 'motdepasse18', 3, NULL),
('BrLucie', 'Br', 'Lucie', 'motdepasse19', 3, NULL),
('CeJules', 'Ce', 'Jules', 'motdepasse20', 3, NULL),
('CoNollan', 'Co', 'Nollan', 'motdepasse21', 3, NULL),
('LoSophie', 'Lo', 'Sophie', 'motdepasse22', 3, NULL),
('BlGuillaume', 'Bl', 'Guillaume', 'motdepasse23', 3, NULL),
('BoMorgane', 'Bo', 'Morgane', 'motdepasse24', 3, NULL),
('CaTimothy', 'Ca', 'Timothy', 'motdepasse25', 3, NULL),
('CaColine', 'Ca', 'Coline', 'motdepasse26', 3, NULL),
('ChBerenice', 'Ch', 'Berenice', 'motdepasse27', 3, NULL),
('CuRomain', 'Cu', 'Romain', 'motdepasse28', 3, NULL),
('DoJustine', 'Do', 'Justine', 'motdepasse29', 3, NULL),
('ElSelim', 'El', 'Selim', 'motdepasse30', 3, NULL),
('FaZoe', 'Fa', 'Zoe', 'motdepasse31', 3, NULL),
('FaEmina', 'Fa', 'Emina', 'motdepasse32', 3, NULL),
('GuElodie', 'Gu', 'Elodie', 'motdepasse33', 3, NULL),
('ImFaustine', 'Im', 'Faustine', 'motdepasse34', 3, NULL),
('IvMaelyn', 'Iv', 'Maelyn', 'motdepasse35', 3, NULL),
('LuChristopher', 'Lu', 'Christopher', 'motdepasse36', 3, NULL),
('MaThibaut', 'Ma', 'Thibaut', 'motdepasse37', 3, NULL),
('OuTristan', 'Ou', 'Tristan', 'motdepasse38', 3, NULL),
('PiJulie', 'Pi', 'Julie', 'motdepasse39', 3, NULL),
('ReLucie', 'Re', 'Lucie', 'motdepasse40', 3, NULL),
('RoLili', 'Ro', 'Lili', 'motdepasse41', 3, NULL),
('SaNicolas', 'Sa', 'Nicolas', 'motdepasse42', 3, NULL),
('YaCyrille-Elijah', 'Ya', 'Cyrille-Elijah', 'motdepasse43', 3, NULL),
('AfCyprien', 'Af', 'Cyprien', 'motdepasse44', 3, NULL),
('BaSolene', 'Ba', 'Solene', 'motdepasse45', 3, NULL),
('COThibauld', 'CO', 'Thibauld', 'motdepasse46', 3, NULL),
('BLJules', 'BL', 'Jules', 'motdepasse47', 3, NULL),
('QURaphael', 'QU', 'Raphael', 'motdepasse48', 3, NULL),
('BOAxel', 'BO', 'Axel', 'motdepasse49', 3, NULL),
('MOGabriel', 'MO', 'Gabriel', 'motdepasse50', 3, NULL),
('FAMatéo', 'FA', 'Matéo', 'motdepasse51', 3, NULL),
('IDMohammed', 'ID', 'Mohammed', 'motdepasse52', 3, NULL),
('COBastien', 'CO', 'Bastien', 'motdepasse53', 3, NULL),
('GINicolas', 'GI', 'Nicolas', 'motdepasse54', 3, NULL),
('KEElliot', 'KE', 'Elliot', 'motdepasse55', 3, NULL),
('MAClément', 'MA', 'Clément', 'motdepasse56', 3, NULL),
('LAAlexis', 'LA', 'Alexis', 'motdepasse57', 3, NULL),
('RIPascal', 'RI', 'Pascal', 'motdepasse58', 3, NULL),
('LLAlexandre', 'LL', 'Alexandre', 'motdepasse59', 3, NULL),
('SOHugo', 'SO', 'Hugo', 'motdepasse60', 3, NULL),
('REAdrien', 'RE', 'Adrien', 'motdepasse61', 3, NULL),
('AsOffre transmise1', 'AT1', 'AT1', 'motdepasse62', 3, NULL),
('ALLucas', 'AL', 'Lucas', 'motdepasse63', 3, NULL),
('BAMeissa', 'BA', 'Meissa', 'motdepasse64', 3, NULL),
('BEManon', 'BE', 'Manon', 'motdepasse65', 3, NULL),
('BLAntoine', 'BL', 'Antoine', 'motdepasse66', 3, NULL),
('BOAnaïs', 'BO', 'Anaïs', 'motdepasse67', 3, NULL),
('BOAntoine', 'BO', 'Antoine', 'motdepasse68', 3, NULL),
('CHLaetitia', 'CH', 'Laetitia', 'motdepasse69', 3, NULL),
('CLEmma', 'CL', 'Emma', 'motdepasse70', 3, NULL),
('CUBaptiste', 'CU', 'Baptiste', 'motdepasse71', 3, NULL),
('DEEloïse', 'DE', 'Eloïse', 'motdepasse72', 3, NULL),
('DEEmilie', 'DE', 'Emilie', 'motdepasse73', 3, NULL),
('DEPénélope', 'DE', 'Pénélope', 'motdepasse74', 3, NULL),
('ENFlavie', 'EN', 'Flavie', 'motdepasse75', 3, NULL),
('ETElisa', 'ET', 'Elisa', 'motdepasse76', 3, NULL),
('FOPerrine', 'FO', 'Perrine', 'motdepasse77', 3, NULL),
('GIMélodie', 'GI', 'Mélodie', 'motdepasse78', 3, NULL),
('GOAndréa', 'GO', 'Andréa', 'motdepasse79', 3, NULL),
('LAFanchon', 'LA', 'Fanchon', 'motdepasse80', 3, NULL),
('MALéonie', 'MA', 'Léonie', 'motdepasse81', 3, NULL),
('PIMargot', 'PI', 'Margot', 'motdepasse82', 3, NULL),
('ROLison', 'RO', 'Lison', 'motdepasse83', 3, NULL),
('VAQuentin', 'VA', 'Quentin', 'motdepasse84', 3, NULL),
('VILola', 'VI', 'Lola', 'motdepasse85', 3, NULL),
('BELéane', 'BE', 'Léane', 'motdepasse86', 3, NULL),
('BEOriane', 'BE', 'Oriane', 'motdepasse87', 3, NULL),
('CAConstance', 'CA', 'Constance', 'motdepasse88', 3, NULL),
('CHAnaïs', 'CH', 'Anaïs', 'motdepasse89', 3, NULL),
('SOElodie', 'SO', 'Elodie', 'motdepasse90', 3, NULL),
('LAAlexis', 'LA', 'Alexis', 'motdepasse91', 3, NULL),
('RIPascal', 'RI', 'Pascal', 'motdepasse92', 3, NULL),
('LLAlexandre', 'LL', 'Alexandre', 'motdepasse93', 3, NULL),
('SOHugo', 'SO', 'Hugo', 'motdepasse94', 3, NULL),
('REAdrien', 'RE', 'Adrien', 'motdepasse95', 3, NULL),
('AsOffre transmise2', 'AT2', 'AT2', 'motdepasse96', 3, NULL),
('ALLucas', 'AL', 'Lucas', 'motdepasse97', 3, NULL),
('BAMeissa', 'BA', 'Meissa', 'motdepasse98', 3, NULL),
('BEManon', 'BE', 'Manon', 'motdepasse99', 3, NULL),
('BLAntoine', 'BL', 'Antoine', 'motdepasse100', 3, NULL),
('BOAnaïs', 'BO', 'Anaïs', 'motdepasse101', 3, NULL),
('BOAntoine', 'BO', 'Antoine', 'motdepasse102', 3, NULL),
('CHLaetitia', 'CH', 'Laetitia', 'motdepasse103', 3, NULL),
('CLEmma', 'CL', 'Emma', 'motdepasse104', 3, NULL),
('CUBaptiste', 'CU', 'Baptiste', 'motdepasse105', 3, NULL),
('DEEloïse', 'DE', 'Eloïse', 'motdepasse106', 3, NULL),
('DEEmilie', 'DE', 'Emilie', 'motdepasse107', 3, NULL),
('DEPénélope', 'DE', 'Pénélope', 'motdepasse108', 3, NULL),
('ENFlavie', 'EN', 'Flavie', 'motdepasse109', 3, NULL),
('ETElisa', 'ET', 'Elisa', 'motdepasse110', 3, NULL),
('FOPerrine', 'FO', 'Perrine', 'motdepasse111', 3, NULL),
('GIMélodie', 'GI', 'Mélodie', 'motdepasse112', 3, NULL),
('GOAndréa', 'GO', 'Andréa', 'motdepasse113', 3, NULL),
('LAFanchon', 'LA', 'Fanchon', 'motdepasse114', 3, NULL),
('MALéonie', 'MA', 'Léonie', 'motdepasse115', 3, NULL),
('PIMargot', 'PI', 'Margot', 'motdepasse116', 3, NULL),
('ROLison', 'RO', 'Lison', 'motdepasse117', 3, NULL),
('VAQuentin', 'VA', 'Quentin', 'motdepasse118', 3, NULL),
('VILola', 'VI', 'Lola', 'motdepasse119', 3, NULL),
('BELéane', 'BE', 'Léane', 'motdepasse120', 3, NULL),
('BEOriane', 'BE', 'Oriane', 'motdepasse121', 3, NULL),
('CAConstance', 'CA', 'Constance', 'motdepasse122', 3, NULL),
('CHAnaïs', 'CH', 'Anaïs', 'motdepasse123', 3, NULL),
('SOElodie', 'SO', 'Elodie', 'motdepasse124', 3, NULL),
('IvMaelyn', 'Iv', 'Maelyn', 'motdepasse125', 3, NULL);

-- Insérer des données dans la table 'Entreprise'

INSERT INTO Entreprise (id, Designation, activity_sector, logo, presentation) VALUES
(1, 'VERBUS', 'Transport', 'verbus_logo.jpg', 'Fournisseur de services de transport de haute qualité'),
(2, 'SCP France', 'Services juridiques', 'scp_logo.jpg', 'Cabinet d\'avocats spécialisé en droit des affaires'),
(3, 'Doxio (Edokial)', 'Technologie', 'edokial_logo.jpg', 'Développeur de solutions logicielles innovantes'),
(4, 'UNICOR', 'Finance', 'unicor_logo.jpg', 'Société de gestion financière et d\'investissement'),
(5, 'NEXTEAM GROUP', 'Consulting', 'nexteam_logo.jpg', 'Cabinet de conseil en stratégie d\'entreprise'),
(6, 'Laboratoire Haut Ségala', 'Santé et bien-être', 'haut_segala_logo.jpg', 'Fabricant de produits de soins naturels'),
(7, 'BOSCH', 'Ingénierie', 'bosch_logo.jpg', 'Leader mondial dans les technologies et services industriels'),
(8, 'COLLINS', 'Aéronautique', 'collins_logo.jpg', 'Société spécialisée dans l\'ingénierie aéronautique'),
(9, 'EDF Une rivière, Un territoire', 'Énergie', 'edf_logo.jpg', 'Fournisseur d\'énergie et services associés'),
(10, 'Prefecture', 'Administration publique', 'prefecture_logo.jpg', 'Administration publique locale'),
(11, 'GROUPE 2B', 'Industrie', 'groupe2b_logo.jpg', 'Groupe industriel diversifié'),
(12, 'DOULS ASSOCIES', 'Services juridiques', 'douls_associes_logo.jpg', 'Cabinet d\'avocats spécialisé en droit fiscal'),
(13, 'Fiducial', 'Finance', 'fiducial_logo.jpg', 'Services financiers et comptables'),
(14, 'Cabinet Midi Centre', 'Services médicaux', 'cabinet_midi_centre_logo.jpg', 'Cabinet médical spécialisé'),
(15, 'Sébastien Saint-Martin', 'Consulting', 'sebastien_saint_martin_logo.jpg', 'Consultant en gestion et stratégie d\'entreprise'),
(16, 'Cabinet 4S Experts conseils', 'Services comptables', 'cabinet_4s_logo.jpg', 'Cabinet d\'experts comptables'),
(17, 'OGEA 12', 'Services environnementaux', 'ogea_12_logo.jpg', 'Société de gestion environnementale'),
(18, 'Préfecture Aveyron', 'Administration publique', 'prefecture_aveyron_logo.jpg', 'Administration publique départementale'),
(19, 'ViaSanté Mutuelle', 'Assurance santé', 'viasante_mutuelle_logo.jpg', 'Mutuelle santé'),
(20, 'Doxio', 'Technologie', 'doxio_logo.jpg', 'Développeur de solutions logicielles'),
(21, 'Immo de France', 'Immobilier', 'immo_de_france_logo.jpg', 'Agence immobilière'),
(22, 'Crédit Agricole', 'Finance', 'credit_agricole_logo.jpg', 'Institution financière'),
(23, 'Lactalis', 'Agroalimentaire', 'lactalis_logo.jpg', 'Groupe agroalimentaire'),
(24, 'CHAUSSURES BARTHES', 'Mode et vêtements', 'chaussures_barthes_logo.jpg', 'Fabricant de chaussures de qualité'),
(25, 'Demain Eco-Concept - Offre 2', 'Écologie', 'demain_eco_concept_logo.jpg', 'Entreprise œuvrant pour un avenir durable'),
(26, 'SUPER U', 'Distribution', 'super_u_logo.jpg', 'Chaîne de supermarchés'),
(27, 'EDF Agence Une rivière Un Territoire', 'Énergie', 'edf_agence_logo.jpg', 'Agence locale d\'EDF'),
(28, 'Collins / Ratier Figeac', 'Aéronautique', 'collins_ratier_figeac_logo.jpg', 'Partenariat aéronautique'),
(29, 'FINDIS ART DE LA CUISINE', 'Commerce de détail', 'findis_art_cuisine_logo.jpg', 'Spécialiste des arts de la cuisine'),
(30, 'Demain Eco-Concept - Offre 1', 'Écologie', 'demain_eco_concept_logo.jpg', 'Entreprise œuvrant pour un avenir durable'),
(31, 'SGCD - secrétariat général commun départemental, Préfecture de l''Aveyron', 'Administration publique', 'sgcd_logo.jpg', 'Secrétariat général commun départemental'),
(32, 'Fondation OPTEO', 'Organisation à but non lucratif', 'opteo_logo.jpg', 'Fondation œuvrant pour la promotion de l\'éducation');

-- Insérer des données dans la table 'souhaitEntreprise'
INSERT INTO souhaitEntreprise (DesignationDuPoste, id_entreprise, id_filiere) VALUES
('Développeur Java', 1, 1),
('Biologiste Moléculaire', 2, 2),
('Analyste Financier', 3, 3);

-- Insérer des données dans la table 'souhaitEtudiant'
INSERT INTO souhaitEtudiant (id_entreprise, id_utilisateur) VALUES
(1, 1),
(2, 1),
(3, 1),
(4, 2),
(5, 2),
(6, 2),
(4, 3),
(7, 3),
(5, 3),
(1, 3),
(2, 3),
(7, 4),
(6, 4),
(2, 5),
(8, 6),
(4, 6),
(5, 6),
(8, 7),
(4, 7),
(7, 7),
(6, 7),
(4, 8),
(7, 8),
(1, 8),
(6, 8),
(2, 8),
(5, 9),
(3, 9),
(5, 10),
(9, 10),
(2, 10),
(8, 11),
(8, 13),
(1, 13),
(6, 13),
(8, 14),
(7, 14),
(6, 14),
(3, 14),
(8, 15),
(7, 16),
(10, 18),
(11, 19),
(12, 19),
(13, 19),
(14, 19),
(15, 19),
(12, 20),
(13, 20),
(16, 20),
(14, 20),
(17, 20),
(15, 20),
(11, 21),
(12, 21),
(13, 21),
(16, 21),
(14, 21),
(17, 21),
(15, 21),
(4, 22),
(13, 22),
(17, 22),
(18, 23),
(4, 23),
(7, 23),
(19, 23),
(1, 24),
(8, 25),
(4, 25),
(7, 25),
(19, 25),
(1, 26),
(20, 26),
(7, 26),
(1, 27),
(20, 27),
(8, 28),
(4, 28),
(7, 28),
(19, 28),
(18, 29),
(4, 29),
(1, 29),
(21, 29),
(11, 30),
(8, 30),
(18, 30),
(4, 30),
(7, 30),
(1, 30),
(19, 30),
(20, 30),
(22, 30),
(21, 30),
(11, 31),
(4, 31),
(7, 31),
(13, 31),
(1, 31),
(19, 31),
(20, 31),
(22, 31),
(8, 32),
(18, 32),
(7, 32),
(1, 32),
(20, 32),
(11, 33),
(8, 33),
(18, 33),
(4, 33),
(19, 33),
(22, 33),
(21, 33),
(8, 34),
(18, 34),
(4, 34),
(1, 34),
(22, 34),
(22, 35),
(18, 36),
(4, 36),
(7, 36),
(1, 36),
(19, 36),
(20, 36),
(22, 36),
(21, 36),
(8, 37),
(18, 37),
(4, 37),
(7, 37),
(19, 37),
(18, 39),
(12, 39),
(7, 39),
(1, 39),
(22, 39),
(21, 39),
(18, 40),
(4, 40),
(1, 40),
(20, 40),
(21, 40),
(8, 41),
(18, 41),
(4, 41),
(7, 41),
(13, 41),
(1, 41),
(19, 41),
(20, 41),
(21, 41),
(8, 42),
(18, 42),
(7, 42),
(1, 42),
(20, 42),
(4, 44),
(7, 44),
(1, 45),
(21, 45),
(21, 46),
(18, 47),
(4, 47),
(7, 47),
(1, 47),
(4, 48),
(7, 48),
(1, 48),
(21, 48),
(18, 49),
(4, 49),
(7, 49),
(22, 50),
(8, 51),
(4, 51),
(7, 51),
(22, 52),
(18, 53),
(1, 53),
(4, 54),
(7, 54),
(7, 55),
(22, 56),
(7, 59),
(19, 59),
(17, 59),
(4, 60),
(7, 60),
(19, 60),
(17, 60),
(20, 60),
(4, 62),
(19, 62),
(17, 62),
(4, 63),
(19, 63),
(17, 63),
(7, 64),
(19, 64),
(20, 64),
(7, 65),
(17, 65),
(20, 65),
(4, 66),
(7, 66),
(5, 66),
(19, 66),
(17, 66),
(20, 66),
(7, 68),
(5, 68),
(4, 69),
(7, 69),
(5, 69),
(19, 69),
(17, 69),
(20, 70),
(19, 71),
(17, 71),
(20, 71),
(7, 72),
(4, 74),
(5, 74),
(17, 74),
(20, 74),
(4, 75),
(17, 75),
(20, 75),
(7, 76),
(19, 76),
(20, 76),
(4, 77),
(5, 77),
(4, 78),
(19, 78),
(17, 78),
(20, 78),
(4, 79),
(7, 79),
(4, 82),
(7, 82),
(19, 82),
(17, 82),
(20, 82),
(7, 86),
(19, 86),
(17, 86),
(20, 86),
(7, 88),
(9, 88),
(2, 88),
(4, 90),
(9, 90),
(8, 91),
(4, 91),
(9, 91),
(23, 91),
(8, 92),
(7, 92),
(5, 92),
(9, 92),
(8, 93),
(7, 93),
(5, 93),
(9, 93),
(8, 95),
(9, 95),
(23, 95),
(24, 100),
(25, 100),
(1, 100),
(24, 101),
(26, 101),
(27, 101),
(1, 101),
(28, 101),
(29, 101),
(26, 102),
(30, 102),
(4, 103),
(26, 103),
(1, 103),
(31, 104),
(4, 104),
(26, 104),
(32, 104),
(29, 104),
(24, 107),
(26, 107),
(32, 107),
(29, 107),
(30, 108),
(24, 110),
(26, 110),
(30, 110),
(27, 110),
(1, 110),
(24, 111),
(1, 111),
(28, 111),
(26, 112),
(30, 112),
(30, 114),
(24, 115),
(26, 115),
(25, 115),
(1, 115),
(24, 116),
(4, 116),
(26, 116),
(1, 116),
(30, 117),
(1, 117),
(24, 118),
(28, 118),
(24, 119),
(26, 119),
(25, 119),
(24, 120),
(31, 120),
(26, 120),
(30, 120),
(1, 120),
(29, 120),
(1, 122),
(29, 122),
(24, 123),
(4, 123),
(26, 123),
(30, 123),
(27, 123),
(1, 123),
(29, 123),
(24, 125),
(4, 125),
(26, 125),
(27, 125),
(1, 125),
(29, 125),
(4, 24),
(7, 24),
(19, 24),
(17, 24),
(4, 124),
(7, 124),
(19, 124),
(17, 124),
(20, 124),
(4, 126),
(7, 126),
(19, 126),
(17, 126),
(20, 126),
(22, 126),
(21, 126),
(19, 126),
(20, 24),
(22, 24),
(21, 24),
(20, 36),
(22, 36),
(21, 36),
(19, 69),
(17, 69),
(20, 69),
(22, 69),
(21, 69),
(9, 90),
(23, 91),
(9, 92),
(23, 92),
(23, 95),
(1, 101),
(28, 101),
(29, 101),
(32, 104),
(29, 104),
(28, 111),
(1, 116),
(29, 120),
(29, 122),
(27, 123),
(1, 123),
(29, 125),
(27, 125),
(1, 125),
(29, 24),
(17, 24),
(20, 24),
(22, 24),
(21, 24),
(19, 126),
(17, 126),
(20, 126),
(22, 126),
(21, 126),
(20, 36),
(22, 36),
(21, 36),
(19, 69),
(17, 69),
(20, 69),
(22, 69),
(21, 69),
(9, 90),
(23, 91),
(9, 92),
(23, 92),
(23, 95),
(1, 101),
(28, 101),
(29, 101),
(32, 104),
(29, 104),
(28, 111),
(1, 116),
(29, 120),
(29, 122),
(27, 123),
(1, 123),
(29, 125),
(27, 125),
(1, 125);
(29, 125);


-- Insérer des données dans la table 'Lieu'
INSERT INTO Lieu (ville, cp, adresse, id_entreprise) VALUES
('Ville A', 12345, 'Rue Principale', 1),
('Ville B', 67890, 'Avenue Centrale', 2),
('Ville C', 54321, 'Boulevard Principal', 3);

-- Insérer des données dans la table 'Intervenants'
INSERT INTO Intervenants (name, id_entreprise, id_filiere) VALUES
('Intervenant A', 1, 1),
('Intervenant B', 2, 2),
('Intervenant C', 3, 3);

-- Insérer des données dans la table 'RDV'
INSERT INTO RDV (Heure_debut, Heure_fin, dateRDV, id_souhait, id_intervenant) VALUES
('09:00:00', '10:00:00', '2023-01-15', 1, 1),
('14:00:00', '15:00:00', '2023-01-16', 2, 2),
('11:30:00', '12:30:00', '2023-01-17', 3, 3);

-- Insérer des données dans la table 'Forum'
INSERT INTO Forum(p_duree_par_default ,date_limite,date_debut,heure_debut,heure_Fin ) VALUES
('08:00:00', '0000-00-00 08:00:00', '0000-00-00 08:00:00', '0000-00-00 08:00:00', '0000-00-00 08:00:00');

-- Insérer des données dans la table 'filiereInterventions'
INSERT INTO filiereInterventions (id_filiere, id_intervenant) VALUES
(1, 1),
(2, 2),
(3, 3);